Index,Category,Review
1,bright,They seem to have more light.
2,bright,"The view wasn't the best but the window besides the bed was beautiful and let quite a lot of light in, which we loved."
3,clean,"We have made a few trips to Paris but this Hotel pleasantly surprised me with its amazing staffs, Immaculate facilities in the room, cleanliness."
4,clean,"The location is great and the staff were fantastic, creating a very friendly atmosphere in a clean, tidy and comfortable setting."
5,clean,"The reception staff were genial, helpful and informative; the breakfast staff welcomed us each morning with a smile and an array of food choices; and our room was kept perfectly clean."
6,clean,"Staff could not have been more helpful, hotel was lovely and clean, breakfast very good."
7,clean,"The room was compact, clean and with everything we needed."
8,clean,"My room (classic double room) was rather small and had no view but was clean, cosy and had everything I needed (even espresso machine)."
9,clean,"The accommodation was beautifully appointed, clean and comfortable."
10,clean,It is very clean and the staff are all so helpful and friendly.
11,clean,"This hotel is very clean, the staff is really nice and super helpfull."
12,clean,"And the rooms are really nice, new and clean."
13,clean,"Great position, staff was really friendly and helpful, rooms are clean and comfortable."
14,clean,"We had a superior room, on the 3rd floor which was very clean and spacious for a Paris room."
15,clean,Room was lovely and bright and clean.
16,clean,"Room was a good size with comfy bed and very clean as was the rest of the hotel, mini bar with free drinks was an excellent touch."
17,clean,Super clean and comfortable rooms.
18,clean,34b is spotlessly clean with friendly and helpful staff.
19,clean,The rooms were clean and modern.
20,clean,The rooms were very clean and the hotel provided free drinks in the mini-bar which was great.
21,clean,So clean and Tej couldn't do enough for us.
22,clean,The hotel is clean and welcoming.
23,clean,"The room itself was very clean and comfortable, with premium fixtures."
24,clean,Very clean but small rooms like most 3 star hotels in Paris.
25,clean,The rooms were clean and newly remodeled.
26,clean,Rooms are nice and clean and the restaurant is very good.
27,clean,Very clean and a good size with a great bathroom.
28,clean,"Service was very good, hotel was luxurious and clean and had an excellent restaurant, limited choice, but excellent."
29,clean,Well appointed rooms and very clean.
30,clean,"Room is very big , clean , nice and comfortable ."
31,clean,"Room is clean and comfortable, good location, hotel service and breakfast is nice also."
32,clean,A clean well maintained hotel in a great Parisian location.
33,clean,"The Hotel is clean, rooms are nice and there is free mini-bar (non-alcoholic) in the room, when coming back from a day in town."
34,clean,"We had a ‚Äútwin superior‚Äù room, which was spacious and clean."
35,clean,"Our room was on the small side but had  everything we needed, good shower, tea, coffee etc, and was spotlessly clean."
36,clean,Bedrooms and bar were all very clean and staff were all very helpful and friendly.
37,clean,Room was full but clean.
38,clean,"The room was very modern, clean and spacious."
39,clean,"The room was bright, clean, and spacious and the rollout bed for my son was comfortable."
40,clean,Rooms are clean and tidy.
41,clean,Our room was clean and comfy.
42,clean,"Everything was very clean, well equipped and such a great area for exploring."
43,clean,The rooms are clean and the location is very central.
44,clean,"The rooms are not very big, but very clean, as is the bathroom."
45,clean,The rooms are clean and comfortable and the free mini bar with soft drinks is very welcome after a day on your feet.
46,clean,"A very cozy and clean hotel , basic room,  great location not super busy., all the easy access to many cafes and restaurant s to explore."
47,clean,"This has to be the cleanest hotel I've ever stayed in - and it is old, so this is no small feat."
48,clean,"But they were fully equipped, very clean, comfortable bed with nightlights."
49,clean,"The hotel is very well located, the accommodations are clean and in good standing."
50,clean,The room was nice and very clean and the bed was comfortable.
51,clean,Room was clean albeit a little bit small.
52,clean,It was very nicely equipped and clean.
53,clean,"The stuff is very friendly, all time available and very attentive (aux petits soins) and the hotel is so clean."
54,clean,The rooms were clean and comfortable and the staff were excellent.
55,clean,If you‚Äôre looking for a friendly and clean place to stay with a view stay here.
56,clean,The staff was pleasant and the room was always very clean.
57,clean,"We were delighted by the comfort, cleanliness and the overwhelming friendly staff."
58,clean,"The rooms were beautiful and they were VERY, VERY clean, which is the most important thing to me when I travel."
59,clean,"I'd recommend to anyone who is looking for a nice, clean hotel that's not right in the middle of all of the tourist traffic."
60,clean,I checked a number of reviews before I booked and many rated highly on the cleanliness which is a big thing for me.
61,clean,"I was not disappointed, very clean, modern bathrooms, comfortable bed."
62,clean,"very clean, perfect view, comfortable beds."
63,clean,"Nothing to complain when it comes to the room; clean, good air conditioning and the check in was super quick and easy."
64,clean,The hotel was spotlessly clean and the beds were very comfortable which was great after a long day walking all over Paris.
65,clean,The room was very small for the price albeit clean.
66,clean,"Lovely hotel, very nice room, very clean, very good breakfast and everything in walking distance."
67,clean,The hotel is very clean and all staff are friendly and approachable.
68,clean,"Excellent modern Hotel: Friendly and helpful staff, very clean."
69,clean,"The room was super clean, and had in addition to a regular king size bed a sofa that was truly a 1.8m bed where our son slept."
70,clean,Room was spacious and very clean.
71,clean,The rooms were clean and well stocked.
72,clean,"Hotel du Louvre is beautiful, clean and in the best location."
73,clean,"Rooms are beautiful, amazing views, so clean and comfortable."
74,clean,"We had a connecting family room, and the rooms were so well appointed, clean and they thought of all the details."
75,clean,"It was a fine stay, and I can recommend it for anyone that wants a clean and very comfortable room in an excellent location very close to Metro lines that can take you anywhere in the city in 15-20 minutes."
76,clean,"First the positives - nice clean rooms, friendly reception, lovely central courtyard which you can sit it (but nobody seems to)."
77,clean,"The rooms were fantastic, clean and the hotel was close to some great restaurants."
78,clean,"The hotel reception area is nice, everything including the room and bathroom was clean and tidy -the bathroom was small was great!"
79,clean,"The staff were friendly and helpful at check-in, my room was comfortable, clean and quiet and the breakfast was very good, but cost extra."
80,clean,"The hotel was clean and the staff were wonderfully friendly and helpful, especially since it was my wife‚Äôs first time in paris."
81,clean,"Our rooms were spotless and I was amazed that they were fully cleaned each day, including fresh towels -  far more than I was expecting."
82,clean,Very clean rooms.
83,clean,The room was basic but very clean and most importantly quiet.
84,clean,"Very friendly staff, nice and clean rooms, and fantastic value for Paris."
85,clean,Rooms are small but nice and clean.
86,clean,"The location was great - Metro station nearby, plenty of restaurants nearby and open late, room was clean (and serviced daily)."
87,clean,There is no hotel that was cleaner and safer than Hotel Darcet.
88,clean,The rooms are large and they get cleaned everyday.
89,clean,The room was small but very clean.
90,clean,"Our room, which also had a balcony, was extremely clean when we arrived and was kept clean throughout our staying."
91,clean,It is all clean and tidy and that is (for us) the most important thing.
92,clean,"The marble design on the wall behind the bed and in the shower, I‚Äôm so picky and very effected by the way a place looks and feels and the cleanliness‚Ä¶ everything was immaculate."
93,clean,I felt at ease there with every surface clean with attention to detail.
94,clean,"Good location, clean and well maintained and decorated room and bathroom although quite small."
95,clean,"Rooms are tiny, but it‚Äôs quiet, modern, clean, and the area is wonderful."
96,clean,The showers were pretty clean.
97,clean,"I only stayed for one night and have nothing to complain about, the room was clean and set up very well, toilets and showers are easy to reach and right around every corner is something interesting to discover - would come again!"
98,clean,"The shared bunk rooms and bathrooms were incredibly clean, and the location is conveniently located a block or two from the Belleville Metro stop."
99,clean,The bed is very comfortable and bathrooms are so clean and good.
100,clean,The rooms are new and clean.
101,clean,"we were pleasantly surprised by democratic prices for such clean and well-maintained rooms (curtains for privacy, lots of sockets, storage space, lockers, AC) - same goes to shared bathrooms, they were pristine!"
102,clean,"The rooms were really clean, and there was plenty of locker space."
103,clean,The room was clean and the bathroom was very well equipped.
104,clean,Everything was very clean and breakfast was great!
105,clean,Rooms are well appointed and clean.
106,clean,"Great Hotel, Great Location Immaculate clean."
107,clean,The hotel is beautiful with great super clean rooms & amenities.
108,clean,"great rooms very clean, and a great breakfast."
109,clean,"The hotel is lovely, clean, and very comfortable."
110,clean,"After a quick panicked Google, we found Villa Brunel and managed to book immediately for our two night trip, and were surprised at how affordable it was given the location and last minute booking (¬£166 for a long weekend in Central Paris)   The hotel itself was pure luxury from what we came from and we found it to be so clean and comfortable."
111,clean,"We booked a double room which was small, but enough space for two for a weekend and the en-suite was clean and modern with a rain-fall shower head"
112,clean,The room was clean and it seemed to be very new.
113,clean,The room was very clean and cosy and both my partner and I agreed that we slept very comfortably.
114,clean,"Everyday cleaning, tea and coffee supply."
115,clean,The staff were very helpful and the rooms clean.
116,clean,The rooms in hotel are small but clean.
117,clean,Evry day cleaning.
118,clean,"The hotel had a well stocked buffet breakfast which includes hot items, and the facilities and rooms are clean and neat."
119,clean,The rooms are cosy and functional and very clean.
120,clean,"Check-in was quick and our room was spotlessly clean with comfy beds, which provided a good nights sleep after longs days of sightseeing and walking."
121,clean,"It is super clean and the insonorisation is good, nothing to say."
122,clean,I felt at ease there with every surface clean with attention to detail.
123,clean,"We booked a double room which was small, but enough space for two for a weekend and the en-suite was clean and modern with a rain-fall shower head"
124,clean,"The marble design on the wall behind the bed and in the shower, I‚Äôm so picky and very effected by the way a place looks and feels and the cleanliness‚Ä¶ everything was immaculate."
125,clean,"Our rooms were spotless and I was amazed that they were fully cleaned each day, including fresh towels -  far more than I was expecting."
126,clean,"But they were fully equipped, very clean, comfortable bed with nightlights."
127,clean,"I'd recommend to anyone who is looking for a nice, clean hotel that's not right in the middle of all of the tourist traffic."
128,clean,"The hotel had a well stocked buffet breakfast which includes hot items, and the facilities and rooms are clean and neat."
129,comfort,Our room was small but bed as very comfortable and room was quiet.
130,comfort,"The location is great and the staff were fantastic, creating a very friendly atmosphere in a clean, tidy and comfortable setting."
131,comfort,"Irene and the rest of the staff provided exceptional service, Irene especially went the extra mile to ensure that me and my colleagues were comfortable."
132,comfort,"Breakfast was hearty, rooms were comfortable, and we felt the staff were all very helpful."
133,comfort,"The accommodation was beautifully appointed, clean and comfortable."
134,comfort,We had the best nights sleep as the beds were very comfortable and it was so quiet which I didn‚Äôt expect from being in the city.
135,comfort,Rooms were stylish and comfortable with great amenities.
136,comfort,"Great position, staff was really friendly and helpful, rooms are clean and comfortable."
137,comfort,"The lobby is very cute with comfortable sofas and a library full of books to read.Hotel serves free soft drinks,coffee and snacks every afternoon until late at night .We had a great time , and we would definitely stay there next time we are in Paris !"
138,comfort,"The hotel is at the centre of the Paris city, full of amenities the staffs are friendly and helpful, the rooms are comfortable and will give you a feeling of a modern hotel, the visit will be purposeful while you stay at this hotel."
139,comfort,Super clean and comfortable rooms.
140,comfort,Our bed was very comfortable--we slept well.
141,comfort,The room is large and comfortable.
142,comfort,"The room itself was very clean and comfortable, with premium fixtures."
143,comfort,Although the rooms are small - it‚Äôs Paris rooms are small everywhere - they are very comfortable and well appointed  The breakfast is not very exciting but there is equally nothing wrong with it and enjoying it in the garden certainly improves it.
144,comfort,"Wonderful room with very comfortable beds, nice view of the Eiffel Tower and great bathroom."
145,comfort,"the stay was really comfortable, the staff is polite, professional  and welcoming, the breakfast is excellent and the atmosphere is generally relaxing."
146,comfort,"Room is very big , clean , nice and comfortable ."
147,comfort,"Room is clean and comfortable, good location, hotel service and breakfast is nice also."
148,comfort,"We loved everything about it, from the great neighborhood, to the comfortable room, to the cool vibe, to the great breakfast."
149,comfort,"Lovely, comfortable rooms."
150,comfort,"My sister and I shared a room at this lovely, comfortable hotel for a week in May 2022."
151,comfort,"The room was bright, clean, and spacious and the rollout bed for my son was comfortable."
152,comfort,The rooms are clean and comfortable and the free mini bar with soft drinks is very welcome after a day on your feet.
153,comfort,"The rooms are intimate, small but comfortable."
154,comfort,"But they were fully equipped, very clean, comfortable bed with nightlights."
155,comfort,Room is not spacious but well equipped and comfortable.
156,comfort,The room was nice and very clean and the bed was comfortable.
157,comfort,we spent 3 nights in a simple but very comfortable room.
158,comfort,My room was very comfortable and cosy.
159,comfort,The rooms were clean and comfortable and the staff were excellent.
160,comfort,"We were delighted by the comfort, cleanliness and the overwhelming friendly staff."
161,comfort,We stayed two night‚Äôs and I have to say they were very comfortable too.
162,comfort,The beds are comfortable and rooms are lovingly decorated but compact - as is the norm for Paris.
163,comfort,"I was not disappointed, very clean, modern bathrooms, comfortable bed."
164,comfort,"very clean, perfect view, comfortable beds."
165,comfort,"The room was well appointed and comfortable, the front desk helpful."
166,comfort,The hotel was spotlessly clean and the beds were very comfortable which was great after a long day walking all over Paris.
167,comfort,"Bed was fairly comfortable, and the washroom was nice."
168,comfort,The suite is cosy and comfortable.
169,comfort,"Rooms are beautiful, amazing views, so clean and comfortable."
170,comfort,Rooms are sizeably comfortable.
171,comfort,"It was a fine stay, and I can recommend it for anyone that wants a clean and very comfortable room in an excellent location very close to Metro lines that can take you anywhere in the city in 15-20 minutes."
172,comfort,"We had a wonderful experience which included  the friendly, helpful staff, meals in the bar and comfortable room."
173,comfort,"The staff were friendly and helpful at check-in, my room was comfortable, clean and quiet and the breakfast was very good, but cost extra."
174,comfort,"The beds were new and very comfortable, the storage adequate and the en suite shower rooms, again, brand new with really powerful, hot showers, and hairdryers and toiletries."
175,comfort,"Charming little hotel, very comfortable, good breakfast, rooms compact, but well furnished."
176,comfort,"The beds are very comfortable, lockers are spacious."
177,comfort,The shower was one of our favorites of all the hostels we stayed in and the beds were decently comfortable with a nice amount of privacy with the curtain.
178,comfort,The bed is very comfortable and bathrooms are so clean and good.
179,comfort,"The bed was comfortable, and the view from the roof was amazing."
180,comfort,The room is big and the bed is comfortable  .The stuff are helpful and friendly especially Mr Alestin   He was very kind and helpful .The garden outside was very nice and interesting to smoke a cigarette out The coffe and tea nescaffe also are for free 24 hours.
181,comfort,"It was comfortable for us.This hotel is not cheap but was pretty good value in relation to other comparable hotels in Paris  To travel to central Paris and all the sights is pretty easy on the metro, You can also take a taxi or Uber which we paid about ‚Ç¨15 from central Paris."
182,comfort,Our room looked great and the bed was comfortable.
183,comfort,"The hotel is lovely, clean, and very comfortable."
184,comfort,"After a quick panicked Google, we found Villa Brunel and managed to book immediately for our two night trip, and were surprised at how affordable it was given the location and last minute booking (¬£166 for a long weekend in Central Paris)   The hotel itself was pure luxury from what we came from and we found it to be so clean and comfortable."
185,comfort,"The bed was really comfortable, breakfast was great, and the night club just awesome."
186,comfort,The room was very clean and cosy and both my partner and I agreed that we slept very comfortably.
187,comfort,Rooms were small--of course--but the bed was very comfortable and everything worked.
188,comfort,"Nice room for 3 people at the top floor, good for travelling and short stay, we stayed only from evening to the morning, it was comfortable, there was some little details that could be improved in the equipment, but it didn't bother us to mention."
189,comfort,The bed was comfortable and the air conditioning worked fine.
190,comfort,Rooms are compact and comfortable.
191,comfort,We felt so comfortable at this hotel.
192,comfort,The room was not big but the bed was comfortable.
193,comfort,"Great welcome, safe and comfortable."
194,comfort,"Bed was fairly comfortable, and the washroom was nice."
195,comfort,Comfortable bed and room in a hotel just a stone‚Äôs throw from Gare du Nord.
196,comfort,Air con and large windows that open which is great for fresh air/temp control.
197,comfort,Our room looked great and the bed was comfortable.
198,comfort,"Private parking was very convenient, room was cozy and neat and the bed was very comfy!"
199,dark,The room also didn't have any lights other than on the nightstands.
200,dirty,Room was not cleaned one day and other occasions the bath/shower looked dirtier then when it was left.
201,dirty,"But fixing rooms, cleaners of shower (mold)."
202,dirty,"Of course the square footage is not something that be altered, but a touch of cleaning and painting would go a long way!"
203,dirty,Very small room not well serviced or cleaned.
204,dirty,- Signs everywhere advertising ‚Äòcleaners on site 18 hours a day‚Äô while it took them over 12 hours to mop up vomit in the hallway that has been reported numerous times.
205,dirty,"Even then, it wasn‚Äôt cleaned up properly."
206,dirty,"The room was quite big, but it the cleaning was not the best."
207,dirty,We had a slight problem in the bathroom in that the shower tray didn‚Äôt hold the water very well and so by the time we‚Äôd all had showers in the morning the bathroom looked flooded!
208,dirty,Room was not cleaned one day and other occasions the bath/shower looked dirtier then when it was left.
209,dirty,"There is a bar underneath the rooms which is nice but the rooms were dirty, smelly, the windows were locked shut, and filled with high schoolers who were obviously just looking for a place to hookup."
210,friendly,"Irene and the rest of the staff provided exceptional service, Irene especially went the extra mile to ensure that me and my colleagues were comfortable."
211,friendly,The staff was friendly and eager to please.
212,friendly,My friend and I (2 elderly British ladies) had carried our booking over for the 2 years of Covid and the hotel honoured them with no increase in price at all.
213,friendly,"And yes, of course, a very fair rebate to all those quests inconvenienced."
214,friendly,"Even though it was just one day staying there, a day is enough to feel the staffs' kindness."
215,friendly,"The hotel is at the centre of the Paris city, full of amenities the staffs are friendly and helpful, the rooms are comfortable and will give you a feeling of a modern hotel, the visit will be purposeful while you stay at this hotel."
216,friendly,He was there to greet us for breakfast and his warm and friendly nature made us feel at home.
217,friendly,"From the moment we arrived, we were made to feel welcome and that each staff member was happy to see us and ready to take care of any need we might have."
218,friendly,"When our flight back to the states was cancelled 2 days in a row, the staff made arrangements for us to change rooms, schedule new airport transfers, and just helped us to feel calm and at home during a very stressful few days."
219,friendly,"The staff are so so kind and it feels like home, I would especially thank Laurent and Nirosha from the breakfast room and Lindy from the reception."
220,friendly,"I highly recommend a visit to the Generator, everyone was very kind and made me feel super welcome."
221,friendly,"The hotel offers refreshments throughout the day and evening, which was so lovely!"
222,friendly,Refreshments and snacks from 2 pm to 2 am were appreciated.
223,friendly,The breakfast was lovely and fresh and the breakfast staff so cheerie.
224,friendly,From 2pm daily they have snacks and refreshments on offer which is a lovely touch 4.
225,friendly,Free afternoon refreshments at this hotel (including cakes and Haribo's) and all their other hotels in the chain in Paris regardless of which of their hotels you are staying in.
226,friendly,"Highlight for the friendly and excellent receptionist Patrick, great service!"
227,friendly,"We were delighted with our time at La Maison Favart - excellent service, excellent amenities, excellent location."
228,friendly,"We were delighted by the comfort, cleanliness and the overwhelming friendly staff."
229,friendly,It‚Äôs delightful to see the same staff members have been retained for many years and I think it reflects well on the hotel.
230,friendly,Front desk was very helpful as we required assistance with local travel and flight logistics.
231,friendly,"His assistant Wissem, at the front desk, was a delight and of great help each day."
232,friendly,"We arrived late at night and were delighted to be greeted by the 24-hr porterage, and very relieved that the hotel has a lift!"
233,friendly,"Two highlights of our stay were getting to store our luggage as soon as we arrived in Paris (jet lagged at 7 AM of course), but we were able to check in a few hours early because"
234,friendly,"I arrived early from a long-haul flight and was hoping for an early check-in and luckily, after only an hour, they took care of me ‚àö‚àö   The front desk team were very friendly, very professional and a delight to deal with ‚àö‚àö   The hotel was very easy to find, a simple walk from Gare du Nord ‚àö‚àö  The location is absolutely brilliant."
235,friendly,But the reception really did a great job looking through the trash and
236,friendly,Thanks to everyone for looking after us so well.
237,friendly,If you‚Äôre looking for a friendly and clean place to stay with a view stay here.
238,friendly,The Concierge was also super helpful with recommendations and pick ups/drop offs.
239,friendly,"I was satisfied, everything was fine, , friendly and helpful staff, room all you need: bathroom big enough, safe, mini bar, air condition (if you like),  property well, good breakfast, position near Metro I would book your hotel again"
240,friendly,The staff is very professional and accommodating.
241,friendly,"The staff couldn‚Äôt have been more pleasant , professional or helpful."
242,friendly,"We have made a few trips to Paris but this Hotel pleasantly surprised me with its amazing staffs, Immaculate facilities in the room, cleanliness."
243,friendly,The staff was extremely friendly and very accommodating.
244,friendly,"Even though it was just one day staying there, a day is enough to feel the staffs' kindness."
245,friendly,"The location is great and the staff were fantastic, creating a very friendly atmosphere in a clean, tidy and comfortable setting."
246,friendly,"The reception staff were genial, helpful and informative; the breakfast staff welcomed us each morning with a smile and an array of food choices; and our room was kept perfectly clean."
247,friendly,"Irene and the rest of the staff provided exceptional service, Irene especially went the extra mile to ensure that me and my colleagues were comfortable."
248,friendly,"The staff at the front desk, without exception, were helpful , accessible, kind, and  eager to make sure"
249,friendly,The staff are absolutely fabulous.
250,friendly,"Breakfast was hearty, rooms were comfortable, and we felt the staff were all very helpful."
251,friendly,Every single member of staff we encountered spoke to us in a friendly and welcoming way.
252,friendly,"The staff, every single one of them; the reception team, the restaurant team and the room attendants were just so lovely, helpful and friendly!"
253,friendly,It is very clean and the staff are all so helpful and friendly.
254,friendly,"This hotel is very clean, the staff is really nice and super helpfull."
255,friendly,The staff is really exceptional.
256,friendly,"Great position, staff was really friendly and helpful, rooms are clean and comfortable."
257,friendly,"The hotel is at the centre of the Paris city, full of amenities the staffs are friendly and helpful, the rooms are comfortable and will give you a feeling of a modern hotel, the visit will be purposeful while you stay at this hotel."
258,friendly,The staff is very kind.
259,friendly,34b is spotlessly clean with friendly and helpful staff.
260,friendly,The breakfast was lovely and fresh and the breakfast staff so cheerie.
261,friendly,"Breakfast was simple but still nice, with really friendly staff such as Merly and Taj."
262,friendly,An amazing hotel absolutely fantastic staff.
263,friendly,"The staff is very friendly, especially Tej."
264,friendly,"Service was excellent by the staff, especially Merly was super friendly and helpful."
265,friendly,"The service is wonderful, nothing is any trouble and all staff we interacted with were helpful and very welcoming 2."
266,friendly,"The staff were exceptionally nice, and very accommodating and kind to our 2 year old."
267,friendly,"The staff were all friendly, professional, accomodating and welcoming."
268,friendly,"This hotel is the perfect blend of old world Paris, modern appointments, nice-sized rooms, an enchanting garden, and a wonderful staff."
269,friendly,"From the moment we arrived, we were made to feel welcome and that each staff member was happy to see us and ready to take care of any need we might have."
270,friendly,All the staff were very friendly and helpful.
271,friendly,The courtyard garden is beautiful and the hotel staff was kind and professional.
272,friendly,Hotel is beautiful and the staff is extremely friendly & helpful.
273,friendly,This hotel and the wonderful staff (specially the bellmen) made our mother/daughter trip so much nicer.
274,friendly,"Great food and drinks, relaxing, quiet space and attentive staff."
275,friendly,"Top hotel,location,staff,rooms,service,lounge,restaurant,bar.Have stayed here many times but not during pandemi ,nice to see some familiar faces and note service still perfect.The restaurant is known for its fish and seafood,oysters perfect.Loung just moved,all new,not as inviting as before but much larger."
276,friendly,The hotel is a bit hard to get to by car but once there you are greeted by very friendly staff.
277,friendly,The staff were friendly and very helpful.
278,friendly,"the stay was really comfortable, the staff is polite, professional  and welcoming, the breakfast is excellent and the atmosphere is generally relaxing."
279,friendly,I thank the staff and Jonhataan who helped me with the latest check-out procedures.
280,friendly,The staff - everybody is prestative and most of them smile a lot.
281,friendly,"The staff was amazing, every one of them helped with our questions and made things easy for us."
282,friendly,"Especially, thank you for staff Nirosha for helping and care us"
283,friendly,"The staff are so so kind and it feels like home, I would especially thank Laurent and Nirosha from the breakfast room and Lindy from the reception."
284,friendly,Breakfast was fabulous- the member of staff was very welcoming every morning andcould not have been more helpful.
285,friendly,Lovely staff on reception and hotel foyer was very stylish.
286,friendly,Friendly staff who also spoke English.
287,friendly,The staff are very friendly and helpful.
288,friendly,The staff is very nice.
289,friendly,The staff was very helpful and friendly throughout our stay.
290,friendly,All of the staff were so friendly and helpful and helped us with any questions we had with a smile and patience.
291,friendly,The lovely staff who brought  up our breakfast even sang Happy Birthday to my friend.
292,friendly,"The staff was friendly, and spoke excellent English, which was incredibly helpful."
293,friendly,"We had our room serviced every day, and the staff did a great job."
294,friendly,"Really friendly,helpful staff from reception to the breakfast ladies."
295,friendly,Bedrooms and bar were all very clean and staff were all very helpful and friendly.
296,friendly,"The staff are so attentive and welcoming, and the room - what a view!"
297,friendly,The staff was friendly and eager to please.
298,friendly,Breakfast is more than adequate but above all the staff are among the friendliest I have ever met.
299,friendly,"The staff are fabulous, friendly and super helpful."
300,friendly,"Can't say enough about how great the staff of this hotel is, the front desk, the hotel manager (Sonya) and everyone else."
301,friendly,"It is a well-equipped establishment, and the staff is friendly and helpful."
302,friendly,Very helpful and nice staffs..  Will be back and also recommend to friends üòÉ
303,friendly,The staff were very nice and helpful.
304,friendly,"The staff was extremely helpful, calling cabs, giving directions etc and they all spoke English."
305,friendly,"Hotel Britannique is not a 5 stars hotel but their staffs provide you the same level of service, warm welcoming, cheerful, helpful and caring you."
306,friendly,"Super friendly staff, great location and facilities."
307,friendly,The staff was so friendly and helpful for anything we needed.
308,friendly,"Everyone on the staff was friendly and helpful, daily room service was incredible, the room had air conditioning which was a VERY nice surprise."
309,friendly,"The staff are wonderful, helpful and always ready to help."
310,friendly,"It is listed as a 3 star hotel but wow the staff offer a five star service, all the staff were kind , friendly and very patient."
311,friendly,Zahir and all the reception staff were wonderful as was Munya the lady who did the breakfast such a warm genuine lady.
312,friendly,Also lots of F&B options / supermarkets nearby Helpful staff - Staff was courteous and answered all our queries.
313,friendly,Friendly and helpful staff; hotel in a quiet area with nice cafes and restaurants within a short walking distance.
314,friendly,"It was an Excellent stay, a very good location, with very good services an breakfast and helpful staff."
315,friendly,Lovely staff.
316,friendly,The rooms were clean and comfortable and the staff were excellent.
317,friendly,The staff was pleasant and the room was always very clean.
318,friendly,"Passy Eiffel Hotel was in a great location, rooms lovely and staff were great."
319,friendly,"Perfect location, spotless little gem, very comfy beds, very quiet, well decorated, no fuss straight forward hotel, very helpful staff."
320,friendly,"The staff were really friendly, couldn't do enough to help us, and it has a plunge pool and sauna in the basement which is a great find in Paris."
321,friendly,The staff were all friendly and helpful.
322,friendly,"We were delighted by the comfort, cleanliness and the overwhelming friendly staff."
323,friendly,"When I go back to Paris, this will be my go to, it‚Äôs a lovely hotel where the staff can‚Äôt do enough for you."
324,friendly,The staff was friendly and helpful in helping us navigate Paris.
325,friendly,"Room and breakfast were lovely, staff was always friendly, and the location...I mean it is perfect in a great part of town with access to activities and food."
326,friendly,Delicious breakfast and excellent customer service with kind and very helpful staff.
327,friendly,"Fantastic, friendly and welcoming reception staff who found a room for me when I had issues with the Eurostar and had to stay an"
328,friendly,the staff is very very nice and funny.
329,friendly,- Staff were friendly and helpful; a staff member was available 24 hours a day.
330,friendly,"The staff is very friendly, kind and eager to help."
331,friendly,The front desk is staffed 24 hours and were very helpful with any of our requests.
332,friendly,the best think to admire in this Hotel is The Staff and at the end of the day if the staff is greeting you well after however your day has gone things seems to be best.
333,friendly,Hotel staff was very helpful and friendly.
334,friendly,"Great facilities, convenient location and really helpful friendly staff, highly recommend."
335,friendly,"I would say that a variation for breakfasts would make it even better but the quality was consistent  Anytime we wanted to go to a restaurant, the staff would phone & make the reservation for us which was appreciated"
336,friendly,The hotel is very clean and all staff are friendly and approachable.
337,friendly,The staff on reception were very friendly and offered us recommendations for our first time in Paris.
338,friendly,"Excellent modern Hotel: Friendly and helpful staff, very clean."
339,friendly,It is well served by a friendly and motivated young staff who really love their job.
340,friendly,"Great location, close to everything.The staff is super friendly, the best and kindest concierge ever."
341,friendly,"The room service staff was so nice and they delivered the food fast, warm and most importantly delicious."
342,friendly,"Great hotel, staff super friendly."
343,friendly,"All staff are extremely attentive, they helped us with taxis, airport transportation, made sure the room was always stocked with coffee, water and toiletries."
344,friendly,Helpful staff.
345,friendly,"Delicious breakfast, a great bar and friendly staff."
346,friendly,I observed the staff handling every frustrating question with grace and concern for the guests having trouble.
347,friendly,"Welcoming staff, awesome breakfast."
348,friendly,"We had a wonderful experience which included  the friendly, helpful staff, meals in the bar and comfortable room."
349,friendly,"The staff are lovely, always friendly, available and ready to help."
350,friendly,"The staff were friendly and helpful at check-in, my room was comfortable, clean and quiet and the breakfast was very good, but cost extra."
351,friendly,"The staff was incredibly helpful, including booking an early morning taxi to the airport."
352,friendly,"The hotel was clean and the staff were wonderfully friendly and helpful, especially since it was my wife‚Äôs first time in paris."
353,friendly,Hotel staff very friendly and helpful.
354,friendly,"Most important,  very friendly & helpful staff."
355,friendly,Very friendly staff.
356,friendly,But the best part of the stay was the friendly staff.
357,friendly,"Very friendly staff, nice and clean rooms, and fantastic value for Paris."
358,friendly,Front desk staff was super friendly.
359,friendly,The staff was very kind and helpful and the 24 hour service was efficient.
360,friendly,The staff were absolutely lovely and very helpful.
361,friendly,"Thank you Anka, and off course all the other staff members that we saw and helped us our stay!"
362,friendly,The hotel felt safe and I felt that I could trust the hotel staff.
363,friendly,The atmosphere of the place and the incredible staff were definitely the best part though.
364,friendly,The staff is very friendly and the location is very close to metro stations.
365,friendly,But the staff members were so kind and understanding - they went above and beyond during my stay.
366,friendly,"the staff members are absolutely lovely, and so are the people who were staying in!"
367,friendly,The staff was super nice and friendly as well.
368,friendly,"Perfect position very close to Gare du Nord, amazing service, the staff couldn‚Äôt have done any more to make us welcome."
369,friendly,Great front desk staff and thoughtful touches in this hotel.
370,friendly,The staff was very friendly and accomodating.
371,friendly,"The staff were excellent, knowledgeable, and friendly."
372,friendly,The front desk staff was very welcoming once we arrived.
373,friendly,The staff is very helpful and check in was very fast.
374,friendly,"Faced with this impossible situation, IHG's staff were the best."
375,friendly,The staff are very friendly & extremely helpful & accommodating they catered to our every need.
376,friendly,"Wonderful accommodations, unbelievably attentive staff that were always there to assist guests."
377,friendly,"All rooms were gorgeous (we had three) the views were amazing, great amenities and the staff were super helpful!"
378,friendly,The checkin staff are excellent as is the concierge service who  try their hardest to help you.
379,friendly,The hotel staff were helpful and the breakfast was extraordinary.
380,friendly,The staff at the hotel constantly went out of their way to make sure we were happy and taken care of.
381,friendly,Really appreciated the attention and dedication of the staff.
382,friendly,"Very friendly staff, warm and very homey decor with spacious rooms compared to the small spaces you usually find in Paris."
383,friendly,Amazing service and super helpful staff!
384,friendly,"I had a pleasant stay at this hotel, the room was as described (the bathroom really small, but that was ok and expected, and it still came  with a heated towel rack), the bed seemed even bigger than described and was very comfy, they had a good choice for breakfast to cater for all tastes, and the staff was really helpful and friendly."
385,friendly,Friendly and helpful staff.
386,friendly,The staff knew who we were the second we arrived and were so friendly and polite - Even the late night security when we came in a little worse for wear!
387,friendly,The staff were friendly and the food in the bar delicious but some major problems at this hostel and will not be revisiting.
388,friendly,"The reason I‚Äôve not given 5* is because the shower flooded the bathroom making it a bit of a slip risk but the front desk staff were brilliant and couldn‚Äôt do enough to help, even with the most basic of questions."
389,friendly,"The room was spacious, bathrooms good and staff friendly, breakfast was okay and the food in the bar was lovely."
390,friendly,The staff Pedro was very kind with us.
391,friendly,"Overall a very good hostel experience, staff encourage guests to engage with each other by organising free hostel events every evening."
392,friendly,"The staff speak English so it was easy to engage them, and get help with local attractions."
393,friendly,Reception staff was helful.
394,friendly,"The hotel staff were incredibly friendly and spoke great english, they always made the extra effort to help us with any inquiries we had."
395,friendly,The staff speak English and were always helpful.
396,friendly,The staff were very helpful and the rooms clean.
397,friendly,"We had a lovely 3 night stay here, the staff were friendly and helped us with everything we needed, the patisserie next door is amazing for breakfast (she does like you to have a try at speaking French to her though, she's quite grumpy when people just talk to her in English, so no matter how bad your French make sure you have a go!)"
398,friendly,The staff was very friendly and helpful.
399,friendly,"Hotel staff very welcoming, they helped us with all our requests, e.g."
400,friendly,Very helpful and friendly staff.
401,friendly,Cordial multilingual staff.
402,friendly,The staff were very helpful.
403,friendly,"The staff were courteous and polite and spoke good English to compensate for our not so good French, which was most"
404,friendly,The staff were very helpful and the hotel
405,friendly,"As english visitors, the staff were very polite and courteous which was probably the only people during our stay whom we found to be courteous,  so thank you IHG."
406,loud,Throughout my stay there were two people hotel staff (a man and woman) numerously knocking on our door and when answered they will say 'wrong door sorry'  or ' does your room need cleaning' to which we will respond 'no' to.
407,loud,We could clearly hear voices from adjacent rooms until late in the night.
408,loud,"Only downsides were the rooms were not sound proofed very well, 2 nights we were kept awake by our noisy neighbours, the breakfast could be better with more frequent replenishments and finally if you are claustrophobic please note you will not be able to use the tiny lift!"
409,loud,Rooms are relatively small but didn't feel cramped - I guess the only downside is the walls are quite thin so you can hear other people chatting in adjacent rooms/hallways.
410,loud,Do not recommend the garden rooms as it can get very loud on the bottom floor and unpleasant noises coming from above.
411,loud,"Although, the outside noise level while trying to sleep was disturbing at times."
412,loud,I was placed on a top bunk which was right next to the A/C unit which made weird noises on and off the whole night long.
413,loud,Rooms do have city noise which is to be expected.
414,loud,Not a fan of the shower arrangement and noise from adjacent rooms wear a source of irritation a couple times.
415,loud,"Also, doors on the whole floor were so massive and loud that walls of the room literally shook with every closing/opening which made it very hard to fall asleep at night."
416,neutral,"By accident the cleaning threw away the boxes from our shopping at for some designer shoes, where the original recipts where in the boxes."
417,neutral,"As I found out, the hotel is working with an external company which cleans the rooms."
418,neutral,"The room was quite small, though not uncomfortable, but this was not an issue as we really only needed a place to come back to at night."
419,neutral,"If you are traveling with family, please chose this hotel and you will be glad that you did ."
420,neutral,The hotel itself was fairly basic but perfectly good for our needs as a family of 4 - 2 adults and 16 and 12 yr old kids.
421,neutral,Taxi is expensive affair and taxi drivers will take you through various routes and try and empty your pockets.
422,neutral,"We‚Äôve stayed a dozens of hostels, a fair few St Christophers also."
423,neutral,"It‚Äôs a fairly standard hostel, multiple bunks in my room (4)."
424,neutral,I hope I can make it back in the fall to enjoy my status one more time??
425,neutral,Lots of mirrors which is where some hotels often fall short.
426,neutral,"Coming from the US or other smaller town the room for two might feel small, but is much spacious with respect to standard Paris double rooms."
427,neutral,"The decor was fun and fresh, and while it could feel a bit small in the elevator and halls, I felt that added to this boutique hotel's charm and I felt the"
428,neutral,Full of nice restaurants and you get an immersive feeling given all the locals drinking and eating outside.
429,neutral,The location of the hotel was ideal for us to feel centralized to the main tourist attractions and metro.
430,neutral,I can't really fault Hotel Darcet which is why I feel I want to write this review.
431,neutral,The way it‚Äôs designed and decorated feels new and fresh.
432,neutral,"Hotel de Neuville, 17e Paris While this hotel has a homely feeling it is a deception in several ways."
433,neutral,"Customer service, I think you only get a feel of how how good customer service is if there‚Äôs a problem, and we had a problem with our booking."
434,neutral,The choice was good and the fresh bread (especially the one with crunchy crust and raisins) was amazing!!!
435,neutral,"Breakfast buffet was always great, fresh coffee, scrambled eggs and the best of all, my boyfriend got a chance to taste gluten-free stuff."
436,neutral,The breakfast is simple but everything is fresh and tasty.
437,neutral,The breakfast was terrific - a huge selection of fresh food and drink choices.
438,neutral,"It was refreshing to watch, especially since everything we had heard about Paris before arriving was warning you would have trouble communicating."
439,neutral,The way it‚Äôs designed and decorated feels new and fresh.
440,neutral,"Returned to this property during a short visit to Paris based on previous experience and knowledge of the area and what to expect; however, it seems since the last visit (several years prior) there's been no improvements and the property is desperately in need of a refresh to the rooms."
441,neutral,The breakfast selection was great and the food tasted very fresh every morning.
442,neutral,We stayed at this lovely little hotel for three delightful nights!
443,neutral,"An art deco theme, the lighting showcases men's top hats, beautiful and thoughtful touches throughout the rooms and hotel."
444,neutral,The final delight factor was that it was within walking distance of the Gare du Nord
445,neutral,"It is slightly worn, casual, cheerful and youth-oriented; it is not a fancy or luxury property."
446,neutral,We stayed here last minute after flight was cancelled.
447,neutral,Upon our request our room was changed to Room 2 (next room) which was only (very slightly) bigger than Room 1 but had a limitation of broken window which could not
448,neutral,Got some great photos and got to watch the lights sparkle during the evening hours while even laying in bed.
449,neutral,We arrived about 2 pm after a long trip via Heathrow with poor service on the Virgin Atlantic due to staff shortages and then a 90 minute delayed Air France flight to CDG.
450,neutral,I liked card only access to elevators and how hallway lights turned up when you exited room or elevator.
451,neutral,Imagine receiving that email one week from when your flight arrives!
452,neutral,"A slight downside along with a lack of drawer space, but for the short time we stayed we coped and the walking did mean my wife soon forgot about having a firm pillow."
453,neutral,"An art deco theme, the lighting showcases men's top hats, beautiful and thoughtful touches throughout the rooms and hotel."
454,neutral,We are looking forward to returning and have already booked another stay.
455,neutral,We had a room with a little balkony overlooking the rue.
456,neutral,That also looked a
457,neutral,I don't care about Opera views as I don't look out the window too often.
458,neutral,"Just returned from a 4 night stay at the Lorette and we had an amazing stay from start to finish.Having looked around at hundreds of hotels in Paris, we decided on the Lorette and we were certainly not disappointed."
459,neutral,The shower gel and hand wash writing were hilarious and we look forward to returning soon
460,neutral,And the location was very convenient for anyone looking to hit up the typical tourist attractions.
461,neutral,We were really looking forward to our stay and the hotel delivered!
462,neutral,I look forward to staying again!
463,neutral,Our room was beautiful and overlooked the Comic Op√©ra.
464,neutral,"If your looking for a cute hotel close by the Effel tower, go to La Comtesse!"
465,neutral,I looked for something similarly priced.
466,neutral,"I booked a standard room, which was a bit smaller than it looks in the pictures, so I would highly advise booking one of the larger rooms as this one didn‚Äôt have much space for bags or to get ready with two people."
467,neutral,"Our room, #204 over looking the inner yard, was big by all parisian standard, approx 20 sqm, doted with a very large closet (well enought for 3 people), where we could find a nespresso machine."
468,neutral,They had a very sad and small looking club lounge which I would not pay extra to access.
469,neutral,I think all the rooms look out either on the internal courtyard or the square.
470,neutral,We did not try the breakfast but it looked great.
471,neutral,We did have a look at the Italian restaurant within the hotel but it‚Äôs not really suitable for children.
472,neutral,"Being 40, I felt really old going to a hostel but the double I got on the 6th floor was great, with a fabulous balcony overlooking a kids playground and the canal close by."
473,neutral,The place is near a metro station and in a very good place to leaveüòäüòädefinitely looking forward to next time!
474,neutral,"Stayed for 4 nights, room overlooking canal towards city center."
475,neutral,"On the first floor is a deck area sometimes used by people using the meeting rooms, it was great to sit looking over the canal with a drink and a snack."
476,neutral,"Our room was overlooking the canal, we took walks along the canal bank in the evenings and morning."
477,neutral,"Our third stay here, whenever we cross (beneath) the Channel from the UK."
478,neutral,"There isn't a traditional lobby; but, there is a large room with tables where you can enjoy a meal you've picked up."
479,neutral,Location is near to metro station but far away for main attractions / sightseeing pickup points.
480,neutral,I stayed in Hotel Bradford Elysees for 8 nights and I can safely say that this is one of the best hotels ever!!
481,neutral,"The bathroom was very large for a hotel room, and there was a large closet, a mini fridge, and a safe."
482,neutral,"They were also gracious to change our room when we requested a change due to the size of the room Good facilities - All rooms have a safety locker / hot water kettle  (not common in Paris), spacious elevators (helpful to carry luggage upstairs)  Negatives:  The room allotted to us (Room 1 on first floor) was very small."
483,neutral,"You did leave your key with reception when you left the hotel, there was also the option to request a safe key which we did."
484,neutral,The only quibble:  Lack of a safe in the room.
485,neutral,"It is located within walking distance of several metro lines but before you decide to ride those, do your research into keeping yourself safe!"
486,neutral,Thanks to Nirosha dining staff who made my bday cake.
487,neutral,I witnessed the staff speaking to guests in several different languages.
488,neutral,"Confronted with the situation, the otherwise polite hotel staff got very quiet."
489,neutral,Our check in went smoothly and the staff
490,neutral,"The staff generally did not wear masks,  but I guess they are vaccinated."
491,neutral,I had to go and ask staff for some spare towels to mop up the water.
492,neutral,I let the staff know but not sure if anything was done.
493,neutral,Umami restaurant staff were new and weren‚Äôt as trained as one would expect at this class of hotel.
494,neutral,This probably accounts for why it always appears to be understaffed or staffed with untrained employees.
495,neutral,"Very close to several metro stations to take you all over Paris and a short walk from several cafes, restaurants, boulangeries and even a pharmacy just a stones throw away."
496,quiet,"I did appreciate the soundproofing of the room, which was not silent but fairly quiet."
497,quiet,The hotel is fairly new and very quiet.
498,quiet,We experienced a quite and fresh stay.
499,quiet,"Had a corner room on the third floor that overlooked the courtyard, which made it very quite, could sleep with window open, but air con very good if needed."
500,quiet,"Hotel is on a lovely quiet street and our room was great - much bigger than expected for Paris, lovely high ceiling and two sets of French doors overlooking the wonderful garden."
501,quiet,I would recommend this hotel for anyone looking for a quiet stay in Paris at a great price point.
502,quiet,"My room overlooked a nice quiet terrace, and while the view was nothing exciting it was much more calming then overlooking the busy city."
503,quiet,Rooms were quiet - we were on the 2nd floor on the end and never heard any noise from other rooms.
504,quiet,The windows were double paned and we couldn't hear any noise while sleeping at night!
505,safe,"I would have felt safer with masks required, and no vaccine requirement, since I do not feel safer with vaccines."
506,safe,"Warm, safe, welcoming, and lovely garden to relax and have a espresso in after a long flight to beat the jet lag!"
507,safe,"I found the area around the hotel to be quite safe, with various food options nearby, and in particular a pharmacy and mini-supermarket down the steet."
508,safe,"The location of this hotel is also exceptional, as it's on a safe and quiet street with plenty of dining options nearby."
509,safe,"Warm, safe, welcoming, and lovely garden to relax and have a espresso in after a long flight to beat the jet lag!"
510,safe,Very glad we found this one as it‚Äôs in a nice safe neighbourhood with plenty of bars and restaurants nearby.
511,safe,There is no hotel that was cleaner and safer than Hotel Darcet.
512,safe,The place is close to bars and restaurants and it is located in an area that is safe to go for walks even late in the night.
513,safe,it was so quiet and felt really safe.
514,safe,The hotel felt safe and I felt that I could trust the hotel staff.
515,safe,"The streets nearby have numerous small restaurants, bakeries, bars, and fruit and vegetable shops, and seemed very safe for an evening stroll."
516,safe,"Great welcome, safe and comfortable."
517,smell,The hotel was spotless and their attention to detail is just unreal... the decor and smell of the hotel is to die for and my favourite thing were the beds!!!
518,smelly,"There is a bar underneath the rooms which is nice but the rooms were dirty, smelly, the windows were locked shut, and filled with high schoolers who were obviously just looking for a place to hookup."
519,smelly,"We checked in at the Executive Lounge and Gilles gave us a great room on a high floor, but it smelled of mold and mildew so we returned to the lounge and got a room that we could breath in."
520,smelly,The only negative from our stay was the shower‚Ä¶ it was so tiny and had a curtain all the way around that smelled and didn‚Äôt prevent water from leaking out all over the floor.
521,smelly,Rooms that smell like toe jam!
522,smelly,"There is a kitchen available (had an odd smell--could have been great stinky cheese, who knows...)."
523,smelly,I did not like the smell in the bathroom.
524,uncomfortable,Mattress not very comfortable.
525,uncomfortable,The bed was so uncomfortable that I woke up each morning with a back pain.
526,uncomfortable,The bathroom could use some improvements - my cosmetics kept falling off the shelf in the shower and the mirrors above the sinks are hung at wrong height (made it hard to access the sink while washing my face etc.).
527,uncomfortable,"The unseasonably hot September weather meant the aircon was struggling to keep us cool, and the windows don't open wide (for safety) so not as comfy as usual."
528,unfriendly,"The manager at the reception: We are cleaning it, you have to wait and we can‚Äôt estimate when you‚Äôll get your room."
529,unfriendly,The cleaning ladies entered the room while the people were sleeping to arrange it before the check out time.
530,unfriendly,"We stayed for 5 nights , i would say please don't expect to have average room size , only 2 medium size bag and 2 backpacks can fit in if you want to move around room barely  They don't have enough staff anytime of the day."
531,unfriendly,"Everyone else pretty much really dropped the ball when it came to being of any help, especially the skater boy looking kid (you‚Äôll"
532,unfriendly,The staff is extremely rude and super unhelpful.
533,unfriendly,"We stayed for 5 nights , i would say please don't expect to have average room size , only 2 medium size bag and 2 backpacks can fit in if you want to move around room barely  They don't have enough staff anytime of the day."
534,unsafe,"I would have felt safer with masks required, and no vaccine requirement, since I do not feel safer with vaccines."
